{
    "id": "d01f2427-da42-467a-0e44-08d9c515c84b",
    "name": "SPOT Assessment",
    "numberOfRounds": 4,
    "timeOutPeriodInMinutes": 600,
    "timeBetweenRoundsInMinutes": 90,
    "protocolId": "ab256e2c-983b-4344-7faa-08d9c50d38a6",
    "questionnaire": "{\"name\": \"HAPI Spot Assessment\",\"hint\": \"ONE ROUND DATA ENTRY\",\"sections\": [{\"name\": \"Room Level Questions\",\"hint\": null,\"rounds\": [1],\"questions\": [{\"id\": \"hapi-sa-101\",\"type\": \"select\",\"name\": \"Unit Type \",\"hint\": \"Unit Type\",\"retain\": true,\"options\": [{\"id\": \"hapi-sa-101-01\",\"value\": \"Med Surg\"},{\"id\": \"hapi-sa-101-02\",\"value\": \"ICU\"},{\"id\": \"hapi-sa-101-03\",\"value\": \"SICU\"},{\"id\": \"hapi-sa-101-04\",\"value\": \"CCICU\"},{\"id\": \"hapi-sa-101-05\",\"value\": \"Burn\"},{\"id\": \"hapi-sa-101-06\",\"value\": \"Other\"}],\"freetext\":{\"dependsOn\": {\"questionId\" : \"hapi-sa-101\",\"valueId\": [\"hapi-sa-101-06\"]},\"restrictions\": [{\"type\": \"minLength\", \"value\": \"\", \"message\": \"\"}, {\"type\": \"maxLength\", \"value\": \"300\", \"message\": \"\"}]}},{\"id\": \"hapi-sa-102\",\"type\": \"text\",\"name\": \"Unit Name\",\"hint\": null,\"retain\": true,\"restrictions\": [{\"type\": \"minLength\", \"value\": \"1\", \"message\": \"\"}, {\"type\": \"maxLength\", \"value\": \"300\", \"message\": \"\"}]},{\"id\": \"hapi-sa-103\",\"type\": \"text\",\"name\": \"Room Number\",\"hint\": null,\"retain\": true,\"restrictions\": [{\"type\": \"required\", \"value\": \"\", \"message\": \"\"}, {\"type\": \"maxLength\", \"value\": \"300\", \"message\": \"\"}]},{\"id\": \"hapi-sa-104\",\"type\": \"select\",\"name\": \"Bed Type\",\"hint\": \"Select Bed Type\",\"options\": [{\"id\": \"hapi-sa-104-01\",\"value\": \"Stryker S3\"},{\"id\": \"hapi-sa-104-02\",\"value\": \"Stryker InTouch\"},{\"id\": \"hapi-sa-104-03\",\"value\": \"Stryker CHG\"},{\"id\": \"hapi-sa-104-04\",\"value\": \"Stryker ProCuity\"},{\"id\": \"hapi-sa-104-05\",\"value\": \"HillRom Advanta\"},{\"id\": \"hapi-sa-104-06\",\"value\": \"HillRom VersaCare\"},{\"id\": \"hapi-sa-104-07\",\"value\": \"HillRom ICU\"},{\"id\": \"hapi-sa-104-08\",\"value\": \"HillRom MedSurg\"},{\"id\": \"hapi-sa-104-09\",\"value\": \"Umano OokSnow\"},{\"id\": \"hapi-sa-104-10\",\"value\": \"Linet\"},{\"id\": \"hapi-sa-104-11\",\"value\": \"Other\"}],\"freetext\":{\"dependsOn\": {\"questionId\" : \"hapi-sa-104\",\"valueId\": [\"hapi-sa-104-11\"]}},\"restrictions\": [{\"type\": \"minLength\", \"value\": \"1\", \"message\": \"\"}, {\"type\": \"maxLength\", \"value\": \"300\", \"message\": \"\"}]},{\"id\": \"hapi-sa-105\",\"type\": \"select\",\"name\": \"Surface Type\",\"hint\": \"Select Surface Type\",\"options\": [{\"id\": \"hapi-sa-105-01\",\"value\": \"Foam\"},{\"id\": \"hapi-sa-105-02\",\"value\": \"Low air loss\"},{\"id\": \"hapi-sa-105-03\",\"value\": \"Deep cell\"},{\"id\": \"hapi-sa-105-04\",\"value\": \"Rental LAL\"},{\"id\": \"hapi-sa-105-05\",\"value\": \"IsoGel\"},{\"id\": \"hapi-sa-105-06\",\"value\": \"IsoTour\"},{\"id\": \"hapi-sa-105-07\",\"value\": \"Isolibrium\"},{\"id\": \"hapi-sa-105-08\",\"value\": \"Other\"}],\"freetext\":{\"dependsOn\": {\"questionId\" : \"hapi-sa-105\",\"valueId\": \"hapi-sa-105-08\"}},\"restrictions\": [{\"type\": \"minLength\", \"value\": \"1\", \"message\": \"\"}, {\"type\": \"maxLength\", \"value\": \"300\", \"message\": \"\"}]},{\"id\": \"hapi-sa-106\",\"type\": \"radio\",\"name\": \"Braden Score\",\"hint\": \"Braden Score : Yes, No, Other?\",\"options\": [{\"id\": \"hapi-sa-106-01\",\"value\": \"Yes\"},{\"id\": \"hapi-sa-106-02\",\"value\": \"No\"},{\"id\": \"hapi-sa-106-03\",\"value\": \"Other\"}]},{\"id\": \"hapi-sa-107\",\"type\": \"slider\",\"name\": \"Braden score input\",\"hint\": null,\"dependsOn\": {\"questionId\": \"hapi-sa-106\",\"valueId\": [\"hapi-sa-106-01\"]}},{\"id\": \"hapi-sa-108\",\"type\": \"radio\",\"condition\": \"hapi-sa-106-02\",\"name\": \"Meets criteria for turning? (immobile, etc)\",\"hint\": null,\"dependsOn\": {\"questionId\": \"hapi-sa-106\",\"valueId\": [\"hapi-sa-106-02\", \"hapi-sa-106-03\"]},\"options\": [{\"id\": \"hapi-sa-108-01\",\"value\": \"Yes\"},{\"id\": \"hapi-sa-108-02\",\"value\": \"No\"},{\"id\": \"hapi-sa-108-03\",\"value\": \"Other\"}],\"freetext\":{\"dependsOn\": {\"questionId\" : \"hapi-sa-108\",\"valueId\": [\"hapi-sa-108-03\"]},\"restrictions\": [{\"type\": \"minLength\", \"value\": \"1\", \"message\": \"\"}, {\"type\": \"maxLength\", \"value\": \"300\", \"message\": \"\"}] }},{\"id\": \"hapi-sa-109\",\"type\": \"radio\",\"name\": \"Meets criteria for heel offloading?\",\"options\": [{\"id\": \"hapi-sop-109-01\",\"value\": \"Yes\"},{\"id\": \"hapi-sop-109-02\",\"value\": \"No\"},{\"id\": \"hapi-sop-109-03\",\"value\": \"Other\"}], \"freetext\":{\"dependsOn\": {\"questionId\" : \"hapi-sa-109\",\"valueId\": [\"hapi-sa-109-03\"]}},\"restrictions\": [{\"type\": \"minLength\", \"value\": \"1\", \"message\": \"\"}, {\"type\": \"maxLength\", \"value\": \"300\", \"message\": \"\"}]},{\"id\": \"hapi-sa-110\",\"type\": \"multiselect\",\"name\": \"Prevention items in place (check all that apply)\",\"hint\": \"Check all that apply\",\"options\": [{\"id\": \"hapi-sa-110-01\",\"value\": \"Signs\"},{\"id\": \"hapi-sa-110-02\",\"value\": \"Lotions\"},{\"id\": \"hapi-sa-110-03\",\"value\": \"PUP dressing\"},{\"id\": \"hapi-sa-110-04\",\"value\": \"Wedge\"},{\"id\": \"hapi-sa-110-05\",\"value\": \"Other\"}],\"freetext\": {\"dependsOn\": {\"questionId\" : \"hapi-sa-110\",\"valueId\": [\"hapi-sa-110-05\"] },\"restrictions\": [{\"type\": \"minLength\", \"value\": \"1\", \"message\": \"\"}, {\"type\": \"maxLength\", \"value\": \"300\", \"message\": \"\"}]}},{\"id\": \"hapi-sa-111\",\"type\": \"radio\",\"name\": \"Is the patient incontinent?\",\"options\": [{\"id\": \"hapi-sa-111-01\",\"value\": \"Yes\"},{\"id\": \"hapi-sa-111-02\",\"value\": \"No\"},{\"id\": \"hapi-sa-111-03\",\"value\": \"Other\"}]},{\"id\": \"hapi-sa-112\",\"type\": \"radio\",\"dependsOn\": {\"questionId\": \"hapi-sa-111\",\"valueId\": \"hapi-sa-111-03\"},\"name\": \"Is there a barrier cream/cloth in the room?\",\"options\": [{\"id\": \"hapi-sa-112-01\",\"value\": \"Yes\"},{\"id\": \"hapi-sa-112-02\",\"value\": \"No\"},{\"id\": \"hapi-sa-112-03\",\"value\": \"Other\"}],\"freetext\": {\"dependsOn\": {\"questionId\" : \"hapi-sa-112\",\"valueId\": [\"hapi-sa-112-03\"] },\"restrictions\": [{\"type\": \"minLength\", \"value\": \"1\", \"message\": \"\"}, {\"type\": \"maxLength\", \"value\": \"300\", \"message\": \"\"}]}},{\"id\": \"hapi-sa-113\",\"type\": \"radio\",\"dependsOn\": {\"questionId\": \"hapi-sa-111\",\"valueId\": \"hapi-sa-111-03\"},\"name\": \"Does the patient have Incontinence-Associated Dermatitis (IAD)?\",\"options\": [{\"id\": \"hapi-sa-113-01\",\"value\": \"Yes\"},{\"id\": \"hapi-sa-113-02\",\"value\": \"No\"},{\"id\": \"hapi-sa-113-03\",\"value\": \"Other\"}],\"freetext\": {\"dependsOn\": {\"questionId\" : \"hapi-sa-112\",\"valueId\": [\"hapi-sa-112-03\"] },\"restrictions\": [{\"type\": \"minLength\", \"value\": \"1\", \"message\": \"\"}, {\"type\": \"maxLength\", \"value\": \"300\", \"message\": \"\"}]}}]},   {\"name\": \"Patient Level Questions\",\"hint\": null,\"rounds\": [1,2,3,4,5,6,7,8],\"questions\": [{\"id\": \"hapi-sa-201\",\"type\": \"select\",\"name\": \"Current patient position\",\"hint\": \"Select current patient position\",\"options\": [{\"id\": \"hapi-sa-201-01\",\"value\": \"Right\"},{\"id\": \"hapi-sa-201-02\",\"value\": \"Left\"},{\"id\": \"hapi-sa-201-03\",\"value\": \"Back\"},{\"id\": \"hapi-sa-201-04\",\"value\": \"Patient in chair\"},{\"id\": \"hapi-sa-201-05\",\"value\": \"Patient out of bed or room\"},{\"id\": \"hapi-sa-201-06\",\"value\": \"Uncertain position\"},{\"id\": \"hapi-sa-201-07\",\"value\": \"N/A\"}]},{\"id\": \"hapi-sa-202\",\"type\": \"radio\",\"name\": \"Head of bed position\",\"hint\": null,\"options\": [{\"id\": \"hapi-sa-202-01\",\"value\": \"Greater than 30 degrees\"},{\"id\": \"hapi-sa-202-02\",\"value\": \"Less than 30 degrees\"},{\"id\": \"hapi-sa-202-03\",\"value\": \"N/A\"}]},{\"id\": \"hapi-sa-203\",\"type\": \"select\",\"name\": \"Repositioning device?\",\"hint\": \"Select repositioning device\",\"options\": [{\"id\": \"hapi-sa-203-01\",\"value\": \"No\"},{\"id\": \"hapi-sa-203-02\",\"value\": \"Yes-Sage\"},{\"id\": \"hapi-sa-203-03\",\"value\": \"Yes-Medline\"},{\"id\": \"hapi-sa-203-04\",\"value\": \"Yes-Ehob ATR+\"},{\"id\": \"hapi-sa-203-05\",\"value\": \"Yes-Molnlycke Tortoise\"},{\"id\": \"hapi-sa-203-06\",\"value\": \"Yes-HoverTech\"},{\"id\": \"hapi-sa-203-07\",\"value\": \"Pillow\"},{\"id\": \"hapi-sa-203-08\",\"value\": \"Wedge\"},{\"id\": \"hapi-sa-203-09\",\"value\": \"N/A\"}]},{\"id\": \"hapi-sa-204\",\"type\": \"radio\",\"name\": \"Sacrum offloaded effectively?\",\"hint\": null,\"options\": [{\"id\": \"hapi-sa-204-01\",\"value\": \"Yes\"},{\"id\": \"hapi-sa-204-02\",\"value\": \"No\"},{\"id\": \"hapi-sa-204-03\",\"value\": \"N/A\"}]},{\"id\": \"hapi-sa-205\",\"type\": \"radio\",\"name\": \"Sacrum offload device?\",\"hint\": null,\"options\": [{\"id\": \"hapi-sa-205-01\",\"value\": \"Pillow\"},{\"id\": \"hapi-sa-205-02\",\"value\": \"Wedges\"},{\"id\": \"hapi-sa-205-03\",\"value\": \"N/A\"},{\"id\": \"hapi-sa-205-04\",\"value\": \"Other\"}],\"freetext\": {\"dependsOn\": {\"questionId\" : \"hapi-sa-205\",\"valueId\": [\"hapi-sa-205-04\"] },\"restrictions\": [{\"type\": \"required\", \"value\": \"\", \"message\": \"\"}, {\"type\": \"maxLength\", \"value\": \"300\", \"message\": \"\"}]}},{\"id\": \"hapi-sa-206\",\"type\": \"radio\",\"name\": \"Heel floated effectively?\",\"hint\": null,\"options\": [{\"id\": \"hapi-sa-206-01\",\"value\": \"Yes\"},{\"id\": \"hapi-sa-206-02\",\"value\": \"No\"},{\"id\": \"hapi-sa-206-03\",\"value\": \"N/A\"}]},{\"id\": \"hapi-sa-207\",\"type\": \"select\",\"name\": \"Heel Floatation Device\",\"hint\": null,\"options\": [{\"id\": \"hapi-sa-207-01\",\"value\": \"Yes-Sage Boot\"},{\"id\": \"hapi-sa-207-02\",\"value\": \"Yes-Ehob\"},{\"id\": \"hapi-sa-207-03\",\"value\": \"Yes-Other\"},{\"id\": \"hapi-sa-207-04\",\"value\": \"Pillow/wedge utilized\"},{\"id\": \"hapi-sa-207-05\",\"value\": \"None\"},{\"id\": \"hapi-sa-207-06\",\"value\": \"N/A\"}]},{\"id\": \"hapi-sa-208\",\"type\": \"radio\",\"name\": \"Is there low airloss?\",\"hint\": null,\"options\": [{\"id\": \"hapi-sa-208-01\",\"value\": \"Yes\"},{\"id\": \"hapi-sa-208-02\",\"value\": \"No\"}]},{\"id\": \"hapi-sa-209\",\"type\": \"radio\",\"name\": \"Low Airloss Set?\",\"options\": [{\"id\": \"hapi-sa-209-01\",\"value\": \"Yes\"},{\"id\": \"hapi-sa-209-02\",\"value\": \"No\"},{\"id\": \"hapi-sa-209-03\",\"value\": \"N/A\"}]},{\"id\": \"hapi-sa-210\",\"type\": \"slider\",\"name\": \"Number of Linen Layers\"}]}]}",
    "protocol": null,
    "standardAssessments": [],
    "created": "2021-12-22T06:39:19.7794803+00:00",
    "updated": null
}